-- MariaDB dump 10.18  Distrib 10.4.17-MariaDB, for Win64 (AMD64)
--
-- Host: 127.0.0.1    Database: schooldb
-- ------------------------------------------------------
-- Server version	10.4.17-MariaDB

/*!40101 SET @OLD_CHARACTER_SET_CLIENT=@@CHARACTER_SET_CLIENT */;
/*!40101 SET @OLD_CHARACTER_SET_RESULTS=@@CHARACTER_SET_RESULTS */;
/*!40101 SET @OLD_COLLATION_CONNECTION=@@COLLATION_CONNECTION */;
/*!40101 SET NAMES utf8 */;
/*!40103 SET @OLD_TIME_ZONE=@@TIME_ZONE */;
/*!40103 SET TIME_ZONE='+00:00' */;
/*!40014 SET @OLD_UNIQUE_CHECKS=@@UNIQUE_CHECKS, UNIQUE_CHECKS=0 */;
/*!40014 SET @OLD_FOREIGN_KEY_CHECKS=@@FOREIGN_KEY_CHECKS, FOREIGN_KEY_CHECKS=0 */;
/*!40101 SET @OLD_SQL_MODE=@@SQL_MODE, SQL_MODE='NO_AUTO_VALUE_ON_ZERO' */;
/*!40111 SET @OLD_SQL_NOTES=@@SQL_NOTES, SQL_NOTES=0 */;

--
-- Table structure for table `client`
--

DROP TABLE IF EXISTS `client`;
/*!40101 SET @saved_cs_client     = @@character_set_client */;
/*!40101 SET character_set_client = utf8 */;
CREATE TABLE `client` (
  `ClientID` int(11) NOT NULL AUTO_INCREMENT,
  `FirstName` varchar(255) NOT NULL,
  `LastName` varchar(60) NOT NULL,
  `EMail` varchar(255) NOT NULL,
  `Phone` varchar(11) NOT NULL,
  PRIMARY KEY (`ClientID`)
) ENGINE=InnoDB AUTO_INCREMENT=17 DEFAULT CHARSET=utf8mb4;
/*!40101 SET character_set_client = @saved_cs_client */;

--
-- Dumping data for table `client`
--

LOCK TABLES `client` WRITE;
/*!40000 ALTER TABLE `client` DISABLE KEYS */;
INSERT INTO `client` VALUES (7,'Andreea Maria','Popescu','andreea@gmail.com','1230456786'),(10,'George','Anton','geoAn@email.com','4913507854'),(14,'Ana','Sara','ana.sarra@email.com','1539746325'),(15,'Maria','Ionescu','maria@email.com','4598635875');
/*!40000 ALTER TABLE `client` ENABLE KEYS */;
UNLOCK TABLES;

--
-- Table structure for table `order`
--

DROP TABLE IF EXISTS `order`;
/*!40101 SET @saved_cs_client     = @@character_set_client */;
/*!40101 SET character_set_client = utf8 */;
CREATE TABLE `order` (
  `OrderID` int(11) NOT NULL AUTO_INCREMENT,
  `ClientID` int(11) NOT NULL,
  `Address` varchar(255) NOT NULL,
  `Total` double NOT NULL,
  PRIMARY KEY (`OrderID`),
  KEY `ClientFK` (`ClientID`),
  CONSTRAINT `ClientFK` FOREIGN KEY (`ClientID`) REFERENCES `client` (`ClientID`) ON DELETE CASCADE ON UPDATE CASCADE
) ENGINE=InnoDB AUTO_INCREMENT=20 DEFAULT CHARSET=utf8mb4;
/*!40101 SET character_set_client = @saved_cs_client */;

--
-- Dumping data for table `order`
--

LOCK TABLES `order` WRITE;
/*!40000 ALTER TABLE `order` DISABLE KEYS */;
INSERT INTO `order` VALUES (17,15,'Bucuresti, Romania',95),(18,14,'Zalau',72),(19,14,'Iasi',14);
/*!40000 ALTER TABLE `order` ENABLE KEYS */;
UNLOCK TABLES;

--
-- Table structure for table `orderdetail`
--

DROP TABLE IF EXISTS `orderdetail`;
/*!40101 SET @saved_cs_client     = @@character_set_client */;
/*!40101 SET character_set_client = utf8 */;
CREATE TABLE `orderdetail` (
  `OrderID` int(11) NOT NULL,
  `ProductID` int(11) NOT NULL,
  `Quantity` int(10) NOT NULL,
  KEY `ProductFK` (`ProductID`),
  KEY `OrderFK` (`OrderID`),
  CONSTRAINT `OrderFK` FOREIGN KEY (`OrderID`) REFERENCES `order` (`OrderID`) ON DELETE CASCADE ON UPDATE CASCADE,
  CONSTRAINT `ProductFK` FOREIGN KEY (`ProductID`) REFERENCES `product` (`ProductID`)
) ENGINE=InnoDB DEFAULT CHARSET=utf8mb4;
/*!40101 SET character_set_client = @saved_cs_client */;

--
-- Dumping data for table `orderdetail`
--

LOCK TABLES `orderdetail` WRITE;
/*!40000 ALTER TABLE `orderdetail` DISABLE KEYS */;
INSERT INTO `orderdetail` VALUES (17,2,6),(17,5,5),(18,6,4),(18,5,10),(19,5,14);
/*!40000 ALTER TABLE `orderdetail` ENABLE KEYS */;
UNLOCK TABLES;

--
-- Table structure for table `product`
--

DROP TABLE IF EXISTS `product`;
/*!40101 SET @saved_cs_client     = @@character_set_client */;
/*!40101 SET character_set_client = utf8 */;
CREATE TABLE `product` (
  `ProductID` int(11) NOT NULL AUTO_INCREMENT,
  `Name` varchar(255) NOT NULL,
  `Quantity` int(10) NOT NULL DEFAULT 0,
  `Price` double NOT NULL,
  PRIMARY KEY (`ProductID`)
) ENGINE=InnoDB AUTO_INCREMENT=7 DEFAULT CHARSET=utf8mb4;
/*!40101 SET character_set_client = @saved_cs_client */;

--
-- Dumping data for table `product`
--

LOCK TABLES `product` WRITE;
/*!40000 ALTER TABLE `product` DISABLE KEYS */;
INSERT INTO `product` VALUES (2,'Product 1',79,15),(5,'Product 4',54,1),(6,'Product 7',41,15.5);
/*!40000 ALTER TABLE `product` ENABLE KEYS */;
UNLOCK TABLES;
/*!40103 SET TIME_ZONE=@OLD_TIME_ZONE */;

/*!40101 SET SQL_MODE=@OLD_SQL_MODE */;
/*!40014 SET FOREIGN_KEY_CHECKS=@OLD_FOREIGN_KEY_CHECKS */;
/*!40014 SET UNIQUE_CHECKS=@OLD_UNIQUE_CHECKS */;
/*!40101 SET CHARACTER_SET_CLIENT=@OLD_CHARACTER_SET_CLIENT */;
/*!40101 SET CHARACTER_SET_RESULTS=@OLD_CHARACTER_SET_RESULTS */;
/*!40101 SET COLLATION_CONNECTION=@OLD_COLLATION_CONNECTION */;
/*!40111 SET SQL_NOTES=@OLD_SQL_NOTES */;

-- Dump completed on 2021-04-20  1:56:37
